"","avg.exp","pct.exp","features.plot","id","avg.exp.scaled"
"Pharaoh-ant-08113",3.71689408591499,40.8777429467085,"Pharaoh-ant-08113","0",0.666768303648331
"Pharaoh-ant-13000",4.52498089224791,45.2664576802508,"Pharaoh-ant-13000","0",1.81670088692434
"Pharaoh-ant-174691",6.78686301518712,30.327868852459,"Pharaoh-ant-17469","1",0.659636194407753
"Pharaoh-ant-080532",1.82965864794263,27.6853252647504,"Pharaoh-ant-08053","2",0.710165640852352
"Pharaoh-ant-150892",5.03641371760691,58.0937972768533,"Pharaoh-ant-15089","2",1.1195599663713
"Pharaoh-ant-173902",6.40515359677374,61.7246596066566,"Pharaoh-ant-17390","2",1.34238779901937
"Pharaoh-ant-174692",6.50666067533909,67.2465960665658,"Pharaoh-ant-17469","2",0.509519231700713
"Pharaoh-ant-150893",4.40154873918668,30.6846999154691,"Pharaoh-ant-15089","3",0.680980941843202
"Pharaoh-ant-173903",5.57669737563697,36.6018596787828,"Pharaoh-ant-17390","3",0.944673969149375
"Pharaoh-ant-174693",6.60171776367359,43.956043956044,"Pharaoh-ant-17469","3",0.560445577969948
"Pharaoh-ant-073704",36.4945721487253,98.1949458483755,"Pharaoh-ant-07370","4",0.661959198754227
"Pharaoh-ant-081134",3.64479344491566,49.9097472924188,"Pharaoh-ant-08113","4",0.561301605683472
"Pharaoh-ant-120514",11.3978455468721,82.6714801444043,"Pharaoh-ant-12051","4",0.701952604722445
"Pharaoh-ant-130004",3.30935334668014,46.4801444043321,"Pharaoh-ant-13000","4",0.586421992698512
"Pharaoh-ant-150894",4.35118715417223,52.4368231046931,"Pharaoh-ant-15089","4",0.646190024750423
"Pharaoh-ant-170954",4.16239309594092,48.014440433213,"Pharaoh-ant-17095","4",0.729308451852126
"Pharaoh-ant-174694",6.73811877915361,67.9602888086643,"Pharaoh-ant-17469","4",0.633521720607165
"Pharaoh-ant-139765",2.07047321590381,28.9592760180996,"Pharaoh-ant-13976","5",1.56573017718582
"Pharaoh-ant-150895",4.59557818489544,46.4253393665158,"Pharaoh-ant-15089","5",0.815020852566309
"Pharaoh-ant-156435",3.26885432737891,35.4751131221719,"Pharaoh-ant-15643","5",0.756326193962392
"Pharaoh-ant-079916",2.50104136653742,25.024727992087,"Pharaoh-ant-07991","6",0.599314777393714
"Pharaoh-ant-080536",2.05628464795318,25.3214638971316,"Pharaoh-ant-08053","6",1.04452643890881
"Pharaoh-ant-150896",5.08086379728291,48.5657764589515,"Pharaoh-ant-15089","6",1.15026708244661
"Pharaoh-ant-028738",3.83058512245387,40.8016443987667,"Pharaoh-ant-02873","8",0.699441412186992
"Pharaoh-ant-081138",4.0645007395015,45.5292908530319,"Pharaoh-ant-08113","8",1.17523709721594
"Pharaoh-ant-096398",2.83955267553404,34.8406988694759,"Pharaoh-ant-09639","8",0.748449357588529
"Pharaoh-ant-156438",3.5524835519675,37.3072970195272,"Pharaoh-ant-15643","8",0.961232996735845
"Pharaoh-ant-173908",6.63258273653692,55.2929085303186,"Pharaoh-ant-17390","8",1.45156884189348
"Pharaoh-ant-120519",17.0652704673763,71.3914174252276,"Pharaoh-ant-12051","9",1.6429495861655
"Pharaoh-ant-150899",5.7130497754722,35.2405721716515,"Pharaoh-ant-15089","9",1.58699539328292
"Pharaoh-ant-173909",5.24407010708179,31.0793237971391,"Pharaoh-ant-17390","9",0.784990860348819
"Pharaoh-ant-174699",7.46002626521662,45.9037711313394,"Pharaoh-ant-17469","9",1.02027994404681
"Pharaoh-ant-0274010",7.07712397261623,31.2997347480106,"Pharaoh-ant-02740","10",1.19339811992583
"Pharaoh-ant-0564311",5.06341212545193,38.1962864721485,"Pharaoh-ant-05643","11",1.05248444705348
"Pharaoh-ant-0737011",52.4096364845425,95.6233421750663,"Pharaoh-ant-07370","11",1.38835288289471
"Pharaoh-ant-0938011",2.59693161337688,27.4535809018568,"Pharaoh-ant-09380","11",1.36844511290471
"Pharaoh-ant-0946811",3.06112728600748,26.9230769230769,"Pharaoh-ant-09468","11",2.4801426866064
"Pharaoh-ant-0963911",3.55031927790627,29.973474801061,"Pharaoh-ant-09639","11",1.57234282833376
"Pharaoh-ant-1090411",36.712832501953,93.1034482758621,"Pharaoh-ant-10904","11",0.924643460253043
"Pharaoh-ant-1205111",13.8150585994326,77.5862068965517,"Pharaoh-ant-12051","11",1.10329716911799
"Pharaoh-ant-1300011",3.68525405758136,37.9310344827586,"Pharaoh-ant-13000","11",0.966853246195863
"Pharaoh-ant-1404411",31.36013825728,91.7771883289125,"Pharaoh-ant-14044","11",2.3059287071544
"Pharaoh-ant-1564311",8.85217855615862,53.315649867374,"Pharaoh-ant-15643","11",2.5
"Pharaoh-ant-1709511",6.87934596906,48.6737400530504,"Pharaoh-ant-17095","11",1.55872540988643
"Pharaoh-ant-1746911",7.06974093311711,53.448275862069,"Pharaoh-ant-17469","11",0.81118658431375
"Pharaoh-ant-0057712",2.29595902246386,25.4166666666667,"Pharaoh-ant-00577","12",1.5650059928227
"Pharaoh-ant-0737012",83.6405463260497,99.8611111111111,"Pharaoh-ant-07370","12",2.5
"Pharaoh-ant-0811312",3.65621842276158,34.1666666666667,"Pharaoh-ant-08113","12",0.578013727393209
"Pharaoh-ant-0938012",3.11047145507906,30.8333333333333,"Pharaoh-ant-09380","12",1.83095267374564
"Pharaoh-ant-1090412",39.4155367837086,95.8333333333333,"Pharaoh-ant-10904","12",1.06384989392253
"Pharaoh-ant-1205112",22.6136167372651,90.2777777777778,"Pharaoh-ant-12051","12",2.5
"Pharaoh-ant-1300012",3.47198983129702,34.4444444444444,"Pharaoh-ant-13000","12",0.751018653233859
"Pharaoh-ant-1404412",23.9764515228121,87.7777777777778,"Pharaoh-ant-14044","12",1.43790664246615
"Pharaoh-ant-1709512",7.94899498975438,58.8888888888889,"Pharaoh-ant-17095","12",1.88526218779167
"Pharaoh-ant-1746912",7.90542043786392,57.5,"Pharaoh-ant-17469","12",1.25889758172068
"Pharaoh-ant-0564313",4.6593433637925,39.8293029871977,"Pharaoh-ant-05643","13",0.903760010142899
"Pharaoh-ant-0737013",63.1599537171555,99.4310099573257,"Pharaoh-ant-07370","13",1.87901772568157
"Pharaoh-ant-0938013",2.9020232231605,31.2944523470839,"Pharaoh-ant-09380","13",1.64321868413599
"Pharaoh-ant-1090413",38.1618512422204,95.3058321479374,"Pharaoh-ant-10904","13",0.999277127174919
"Pharaoh-ant-1205113",23.3798660314279,91.6073968705548,"Pharaoh-ant-12051","13",2.5
"Pharaoh-ant-1300013",4.03444135028865,38.8335704125178,"Pharaoh-ant-13000","13",1.32024911807781
"Pharaoh-ant-1404413",37.7996010193613,96.1593172119488,"Pharaoh-ant-14044","13",2.5
"Pharaoh-ant-1508913",4.49159950914351,37.4110953058321,"Pharaoh-ant-15089","13",0.743190041711877
"Pharaoh-ant-1564313",3.9619846774385,35.8463726884779,"Pharaoh-ant-15643","13",1.25707545258328
"Pharaoh-ant-1709513",3.99118093466623,34.4238975817923,"Pharaoh-ant-17095","13",0.677041711641831
"Pharaoh-ant-1746913",7.22234697997662,55.049786628734,"Pharaoh-ant-17469","13",0.892944489182435
"Pharaoh-ant-0057714",2.19369166548506,29.1217257318952,"Pharaoh-ant-00577","14",1.34750236651271
"Pharaoh-ant-0287314",11.03209739565,69.3374422187981,"Pharaoh-ant-02873","14",2.5
"Pharaoh-ant-0530614",2.20471242039898,26.3482280431433,"Pharaoh-ant-05306","14",2.3437721509866
"Pharaoh-ant-0811314",4.60351811028512,51.9260400616333,"Pharaoh-ant-08113","14",1.96369586060992
"Pharaoh-ant-0909714",4.98077348294905,43.1432973805855,"Pharaoh-ant-09097","14",1.58925767036842
"Pharaoh-ant-1300014",5.10298887581658,53.4668721109399,"Pharaoh-ant-13000","14",2.40167531060477
"Pharaoh-ant-1404414",25.7350773065358,93.8366718027735,"Pharaoh-ant-14044","14",1.64464970168558
"Pharaoh-ant-1508914",4.39606858379791,46.8412942989214,"Pharaoh-ant-15089","14",0.677195127085152
"Pharaoh-ant-1746914",7.53820651646687,68.7211093990755,"Pharaoh-ant-17469","14",1.06216461163283
"Pharaoh-ant-0057715",1.9049447322052,27.8125,"Pharaoh-ant-00577","15",0.7333914035465
"Pharaoh-ant-0287315",3.74382920270361,43.75,"Pharaoh-ant-02873","15",0.646420868754434
"Pharaoh-ant-0362415",1.86281609892147,27.34375,"Pharaoh-ant-03624","15",2.21248837059483
"Pharaoh-ant-0571315",1.90361030882697,26.40625,"Pharaoh-ant-05713","15",1.27166450832607
"Pharaoh-ant-0582015",2.23721870413991,28.90625,"Pharaoh-ant-05820","15",0.816590225047012
"Pharaoh-ant-0805315",2.10113627450879,28.59375,"Pharaoh-ant-08053","15",1.11069989494901
"Pharaoh-ant-1397615",2.42813629161764,34.84375,"Pharaoh-ant-13976","15",2.5
"Pharaoh-ant-1746915",7.15331313719426,68.28125,"Pharaoh-ant-17469","15",0.855959962900095
"Pharaoh-ant-0287316",4.49757558253183,46.40625,"Pharaoh-ant-02873","16",1.10707004155856
"Pharaoh-ant-0909716",3.32497915275491,33.28125,"Pharaoh-ant-09097","16",0.618332436729226
"Pharaoh-ant-0963916",2.86118265126197,34.0625,"Pharaoh-ant-09639","16",0.773521998473935
"Pharaoh-ant-1739016",6.34328735818075,53.75,"Pharaoh-ant-17390","16",1.31268790895553
"Pharaoh-ant-0274017",6.04217801855052,28.7319422150883,"Pharaoh-ant-02740","17",0.603377961547886
"Pharaoh-ant-0737017",58.9433884933768,91.1717495987159,"Pharaoh-ant-07370","17",1.68656570144274
"Pharaoh-ant-1090417",30.270045525105,74.3178170144462,"Pharaoh-ant-10904","17",0.592799016895523
"Pharaoh-ant-1205117",17.1165677974773,58.7479935794543,"Pharaoh-ant-12051","17",1.65146679344362
"Pharaoh-ant-1404417",21.7432346429713,60.3531300160514,"Pharaoh-ant-14044","17",1.17537092059066
"Pharaoh-ant-1709517",6.28542567217081,28.4109149277689,"Pharaoh-ant-17095","17",1.37741657275701
"Pharaoh-ant-1746917",7.84848360236201,34.1894060995185,"Pharaoh-ant-17469","17",1.22839396488317
"Pharaoh-ant-0274018",6.08087205615218,51.4900662251656,"Pharaoh-ant-02740","18",0.625437337792918
"Pharaoh-ant-0737018",78.1964384774388,99.6688741721854,"Pharaoh-ant-07370","18",2.5
"Pharaoh-ant-0938018",2.39450313408183,27.8145695364238,"Pharaoh-ant-09380","18",1.18613267168658
"Pharaoh-ant-1090418",43.1723476556196,95.0331125827815,"Pharaoh-ant-10904","18",1.25734951094676
"Pharaoh-ant-1205118",19.0779530766071,89.2384105960265,"Pharaoh-ant-12051","18",1.97712750408322
"Pharaoh-ant-1300018",3.74750629758997,39.9006622516556,"Pharaoh-ant-13000","18",1.02985578120761
"Pharaoh-ant-1404418",22.6608536815024,87.9139072847682,"Pharaoh-ant-14044","18",1.28324569928418
"Pharaoh-ant-1508918",5.92784312887603,47.8476821192053,"Pharaoh-ant-15089","18",1.73537947905401
"Pharaoh-ant-1709518",18.9020277897034,86.5894039735099,"Pharaoh-ant-17095","18",2.5
"Pharaoh-ant-1746918",7.19206869864555,56.6225165562914,"Pharaoh-ant-17469","18",0.876723055657382
"Pharaoh-ant-0154219",3.21588800403813,26.0434056761269,"Pharaoh-ant-01542","19",2.01865411998158
"Pharaoh-ant-0287319",5.97500714527263,42.4040066777963,"Pharaoh-ant-02873","19",2.00999660341664
"Pharaoh-ant-0564319",8.46323774917126,53.5893155258765,"Pharaoh-ant-05643","19",2.30384856984598
"Pharaoh-ant-0799119",5.84188646032825,41.9031719532554,"Pharaoh-ant-07991","19",2.5
"Pharaoh-ant-0909719",4.33612532248029,30.7178631051753,"Pharaoh-ant-09097","19",1.2112486662279
"Pharaoh-ant-0963919",4.23035449790548,34.7245409015025,"Pharaoh-ant-09639","19",2.36061365558449
"Pharaoh-ant-1739019",12.0491054241576,59.7662771285476,"Pharaoh-ant-17390","19",2.5
"Pharaoh-ant-1746919",7.5724530894744,47.9131886477462,"Pharaoh-ant-17469","19",1.08051203701766
"Pharaoh-ant-1564320",3.63921023216656,43.8223938223938,"Pharaoh-ant-15643","20",1.02388834115785
"Pharaoh-ant-1739020",6.8036975154584,59.4594594594595,"Pharaoh-ant-17390","20",1.53371526355815
"Pharaoh-ant-0085721",32.5023496018443,80.2845528455285,"Pharaoh-ant-00857","21",2.5
"Pharaoh-ant-1508922",4.39899731681194,41.1764705882353,"Pharaoh-ant-15089","22",0.679218361807588
"Pharaoh-ant-1739022",4.6737286850583,42.436974789916,"Pharaoh-ant-17390","22",0.511189221228752
"Pharaoh-ant-0287323",4.00959868985475,40.6466512702078,"Pharaoh-ant-02873","23",0.808844858692073
"Pharaoh-ant-0530623",2.70455636754628,25.4041570438799,"Pharaoh-ant-05306","23",2.5
"Pharaoh-ant-0799123",4.90226435896802,40.1847575057737,"Pharaoh-ant-07991","23",2.24370215454707
"Pharaoh-ant-0811323",3.69658571115481,41.108545034642,"Pharaoh-ant-08113","23",0.637061810095663
"Pharaoh-ant-0909723",7.9978090501417,62.3556581986143,"Pharaoh-ant-09097","23",2.5
"Pharaoh-ant-0963923",3.31499080284413,35.5658198614319,"Pharaoh-ant-09639","23",1.2995590573504
"Pharaoh-ant-1371623",7.78084179464351,55.8891454965358,"Pharaoh-ant-13716","23",2.5
"Pharaoh-ant-1746923",8.31997795362795,63.2794457274827,"Pharaoh-ant-17469","23",1.4809946390387
"Pharaoh-ant-0057724",2.44518731543302,25.2450980392157,"Pharaoh-ant-00577","24",1.8823867859488
"Pharaoh-ant-0564324",6.04087262125078,46.3235294117647,"Pharaoh-ant-05643","24",1.41225554453452
"Pharaoh-ant-0737024",78.6696607225863,99.2647058823529,"Pharaoh-ant-07370","24",2.5
"Pharaoh-ant-0811324",4.07735744755419,35.7843137254902,"Pharaoh-ant-08113","24",1.19404351178067
"Pharaoh-ant-0938024",2.86069895654519,27.9411764705882,"Pharaoh-ant-09380","24",1.60600095689513
"Pharaoh-ant-1007124",4.45583484503894,37.9901960784314,"Pharaoh-ant-10071","24",2.5
"Pharaoh-ant-1090424",41.3914946149896,96.8137254901961,"Pharaoh-ant-10904","24",1.16562427028724
"Pharaoh-ant-1205124",19.1855897335947,84.8039215686274,"Pharaoh-ant-12051","24",1.99499907198905
"Pharaoh-ant-1300024",4.05724313336477,37.7450980392157,"Pharaoh-ant-13000","24",1.34332571960066
"Pharaoh-ant-1404424",20.3939813778035,83.3333333333333,"Pharaoh-ant-14044","24",1.01675346468601
"Pharaoh-ant-1508924",4.99009723263402,37.0098039215686,"Pharaoh-ant-15089","24",1.08756349548464
"Pharaoh-ant-1709524",8.06423086336509,54.656862745098,"Pharaoh-ant-17095","24",1.92044078389183
"Pharaoh-ant-0909725",4.04608864997055,37.4677002583979,"Pharaoh-ant-09097","25",1.04117686510787
"Pharaoh-ant-0963925",2.92561769530698,35.9173126614987,"Pharaoh-ant-09639","25",0.848212637987213
"Pharaoh-ant-1739025",7.05746781624015,51.6795865633075,"Pharaoh-ant-17390","25",1.65554180750356
"Pharaoh-ant-1746925",6.8877545996565,54.5219638242894,"Pharaoh-ant-17469","25",0.713688341978893
"Pharaoh-ant-0057726",2.52912915307772,32.7127659574468,"Pharaoh-ant-00577","26",2.0609154448114
"Pharaoh-ant-0059526",3.11387298483925,29.5212765957447,"Pharaoh-ant-00595","26",2.5
"Pharaoh-ant-0066326",2.05334618369107,26.3297872340426,"Pharaoh-ant-00663","26",1.86484237108562
"Pharaoh-ant-0274026",5.89777541046251,57.9787234042553,"Pharaoh-ant-02740","26",0.521054387684369
"Pharaoh-ant-0564326",10.5930433039382,68.3510638297872,"Pharaoh-ant-05643","26",2.5
"Pharaoh-ant-0805326",2.80580285199647,32.9787234042553,"Pharaoh-ant-08053","26",2.1503550060198
"Pharaoh-ant-0811326",4.19770281424203,43.8829787234042,"Pharaoh-ant-08113","26",1.37008117613449
"Pharaoh-ant-1090426",87.2799268863045,99.2021276595745,"Pharaoh-ant-10904","26",2.5
"Pharaoh-ant-1564326",4.12192753664091,44.6808510638298,"Pharaoh-ant-15643","26",1.37262553369058
"Pharaoh-ant-0322627",2.07549547460436,25.8152173913043,"Pharaoh-ant-03226","27",2.38008677399521
"Pharaoh-ant-0799127",3.89567968299827,30.4347826086957,"Pharaoh-ant-07991","27",1.5543804462266
"Pharaoh-ant-0811327",3.76196800308985,45.1086956521739,"Pharaoh-ant-08113","27",0.732701104562235
"Pharaoh-ant-0908727",2.40029971122136,25.2717391304348,"Pharaoh-ant-09087","27",2.5
"Pharaoh-ant-1508927",5.50794531793394,49.4565217391304,"Pharaoh-ant-15089","27",1.44530461497391
"Pharaoh-ant-0154228",7.81739668425949,52.6315789473684,"Pharaoh-ant-01542","28",2.5
"Pharaoh-ant-0287328",4.20448937212779,37.3961218836565,"Pharaoh-ant-02873","28",0.927951542291359
"Pharaoh-ant-0811328",4.36951885011487,38.781163434903,"Pharaoh-ant-08113","28",1.62140862218435
"Pharaoh-ant-0909728",8.30140255565351,53.4626038781163,"Pharaoh-ant-09097","28",2.5
"Pharaoh-ant-0963928",4.89746595158564,40.1662049861496,"Pharaoh-ant-09639","28",2.5
"Pharaoh-ant-1404428",21.4078798705106,78.1163434903047,"Pharaoh-ant-14044","28",1.13594680192707
"Pharaoh-ant-1564328",3.37798704973028,29.0858725761773,"Pharaoh-ant-15643","28",0.835168694228079
"Pharaoh-ant-1739028",5.2406601854297,41.5512465373961,"Pharaoh-ant-17390","28",0.783353872219325
"Pharaoh-ant-1746928",7.20026014042475,51.5235457063712,"Pharaoh-ant-17469","28",0.881111578468262
"Pharaoh-ant-0004629",2.80102186276491,25.7703081232493,"Pharaoh-ant-00046","29",1.61672532130019
"Pharaoh-ant-0274729",4.03094444822686,34.453781512605,"Pharaoh-ant-02747","29",2.5
"Pharaoh-ant-0564929",5.00858000387747,36.1344537815126,"Pharaoh-ant-05649","29",0.752027134058088
"Pharaoh-ant-0791429",5.75547877842659,44.5378151260504,"Pharaoh-ant-07914","29",1.62805225404954
"Pharaoh-ant-0815129",3.44559523919093,28.5714285714286,"Pharaoh-ant-08151","29",2.5
"Pharaoh-ant-1660729",9.56583417574476,49.0196078431373,"Pharaoh-ant-16607","29",2.5
"Pharaoh-ant-0442830",3.52951510727657,31.1572700296736,"Pharaoh-ant-04428","30",2.5
"Pharaoh-ant-0737030",69.6381347901209,94.0652818991098,"Pharaoh-ant-07370","30",2.17469418144871
"Pharaoh-ant-0799130",3.86689100739933,31.1572700296736,"Pharaoh-ant-07991","30",1.53466560303665
"Pharaoh-ant-1370330",4.60256766853062,34.1246290801187,"Pharaoh-ant-13703","30",2.5
"Pharaoh-ant-1576030",9.29132060397684,52.5222551928783,"Pharaoh-ant-15760","30",2.5
"Pharaoh-ant-0571331",4.05810815623728,28.6644951140065,"Pharaoh-ant-05713","31",2.5
"Pharaoh-ant-1007131",2.32872133527334,25.7328990228013,"Pharaoh-ant-10071","31",1.92774377739986
"Pharaoh-ant-1660731",3.35549030207862,25.4071661237785,"Pharaoh-ant-16607","31",0.61944255121948
"Pharaoh-ant-0057732",2.13904652581472,29.9065420560748,"Pharaoh-ant-00577","32",1.23128232925314
"Pharaoh-ant-0059532",3.43748055343691,35.5140186915888,"Pharaoh-ant-00595","32",2.5
"Pharaoh-ant-0066332",2.44962499646104,31.7757009345794,"Pharaoh-ant-00663","32",2.48126563597865
"Pharaoh-ant-0564332",14.0237334682741,80.3738317757009,"Pharaoh-ant-05643","32",2.5
"Pharaoh-ant-0805332",2.73845975908023,34.1121495327103,"Pharaoh-ant-08053","32",2.05099795832882
"Pharaoh-ant-0811332",3.91078884271407,47.6635514018692,"Pharaoh-ant-08113","32",0.95039185357609
"Pharaoh-ant-1090432",107.129747373996,99.5327102803738,"Pharaoh-ant-10904","32",2.5
"Pharaoh-ant-1825232",8.08787370990669,52.803738317757,"Pharaoh-ant-18252","32",2.5
"Pharaoh-ant-0066333",1.97671047162958,25.3731343283582,"Pharaoh-ant-00663","33",1.74563328315549
"Pharaoh-ant-0274033",6.28640342640513,63.18407960199,"Pharaoh-ant-02740","33",0.74261026953094
"Pharaoh-ant-0564333",3.91271497186637,37.8109452736318,"Pharaoh-ant-05643","33",0.628950626921503
"Pharaoh-ant-0737033",46.5060115321432,98.5074626865672,"Pharaoh-ant-07370","33",1.11890025684996
"Pharaoh-ant-0938033",4.63132009742152,55.2238805970149,"Pharaoh-ant-09380","33",2.5
"Pharaoh-ant-0963933",2.82173823759722,37.8109452736318,"Pharaoh-ant-09639","33",0.727799542231204
"Pharaoh-ant-1090433",32.1204408969396,97.0149253731343,"Pharaoh-ant-10904","33",0.688106129231277
"Pharaoh-ant-1205133",20.6909825568103,92.5373134328358,"Pharaoh-ant-12051","33",2.24494858563975
"Pharaoh-ant-1404433",35.8828019896041,96.0199004975124,"Pharaoh-ant-14044","33",2.5
"Pharaoh-ant-1508933",4.49210556787127,45.273631840796,"Pharaoh-ant-15089","33",0.743539638477677
"Pharaoh-ant-1709533",4.06694154426415,41.7910447761194,"Pharaoh-ant-17095","33",0.700169508584218
"Pharaoh-ant-0799134",6.74358848555921,48.4042553191489,"Pharaoh-ant-07991","34",2.5
"Pharaoh-ant-0805334",2.5380363272272,28.7234042553192,"Pharaoh-ant-08053","34",1.75529605907421
"Pharaoh-ant-0963934",3.03758499537286,35.6382978723404,"Pharaoh-ant-09639","34",0.978000851380139
"Pharaoh-ant-1508934",7.1039784774721,53.7234042553192,"Pharaoh-ant-15089","34",2.5
"Pharaoh-ant-1564334",2.93166704337691,29.2553191489362,"Pharaoh-ant-15643","34",0.512726584645215
"Pharaoh-ant-0805335",2.44357509473524,31.0344827586207,"Pharaoh-ant-08053","35",1.61592929144852
"Pharaoh-ant-0811335",4.13873663892554,48.2758620689655,"Pharaoh-ant-08113","35",1.28382718842994
"Pharaoh-ant-1564335",3.77815211721343,36.2068965517241,"Pharaoh-ant-15643","35",1.12426635219521
"Pharaoh-ant-1660735",3.37791012462148,25.2873563218391,"Pharaoh-ant-16607","35",0.628336605273561
"Pharaoh-ant-1746935",7.62630451472758,63.2183908045977,"Pharaoh-ant-17469","35",1.10936266118031
"Pharaoh-ant-0274036",8.6846986232408,63.0573248407643,"Pharaoh-ant-02740","36",2.10987249836054
"Pharaoh-ant-1300036",3.78153154476984,35.6687898089172,"Pharaoh-ant-13000","36",1.06429111761376
"Pharaoh-ant-1576036",3.47559375798605,33.7579617834395,"Pharaoh-ant-15760","36",2.08316250652554
"Pharaoh-ant-0057737",2.20998090514973,32.4324324324324,"Pharaoh-ant-00577","37",1.38214654625458
"Pharaoh-ant-0075837",1.7367049179887,25.6756756756757,"Pharaoh-ant-00758","37",1.28984362157484
"Pharaoh-ant-0287337",5.16523625940145,47.2972972972973,"Pharaoh-ant-02873","37",1.51510827131952
"Pharaoh-ant-0811337",3.73470185801005,46.6216216216216,"Pharaoh-ant-08113","37",0.692816989137731
"Pharaoh-ant-0963937",2.70953603180918,31.0810810810811,"Pharaoh-ant-09639","37",0.597739035106294
"Pharaoh-ant-1300037",4.38156516357929,45.945945945946,"Pharaoh-ant-13000","37",1.6715566404614
"Pharaoh-ant-1660737",4.14176330307538,35.8108108108108,"Pharaoh-ant-16607","37",0.931360924291377
"Pharaoh-ant-1739037",5.84838177202748,42.5675675675676,"Pharaoh-ant-17390","37",1.07510046489845
"Pharaoh-ant-0274038",7.50741454830096,60.1351351351351,"Pharaoh-ant-02740","38",1.43870572523285
"Pharaoh-ant-0057739",2.65754895055517,27.0833333333333,"Pharaoh-ant-00577","39",2.33404044252822
"Pharaoh-ant-0564339",4.44032097327301,32.6388888888889,"Pharaoh-ant-05643","39",0.823145063402042
"Pharaoh-ant-0737039",42.2830677588686,95.8333333333333,"Pharaoh-ant-07370","39",0.926157103529274
"Pharaoh-ant-0938039",5.0582074862527,39.5833333333333,"Pharaoh-ant-09380","39",2.5
"Pharaoh-ant-1205139",16.9277202323288,77.0833333333333,"Pharaoh-ant-12051","39",1.62011128521011
"Pharaoh-ant-1404439",19.8883102212401,74.3055555555556,"Pharaoh-ant-14044","39",0.957307047583218
"Pharaoh-ant-1508939",5.38750102786814,38.1944444444444,"Pharaoh-ant-15089","39",1.36209898693867
"Pharaoh-ant-1746939",7.10478934713342,47.2222222222222,"Pharaoh-ant-17469","39",0.829963591895778
"Pharaoh-ant-0274040",8.17146129565579,66.4285714285714,"Pharaoh-ant-02740","40",1.81727715256728
"Pharaoh-ant-0274740",3.76361151957763,34.2857142857143,"Pharaoh-ant-02747","40",2.5
"Pharaoh-ant-0442840",2.46363918895571,30.7142857142857,"Pharaoh-ant-04428","40",2.5
"Pharaoh-ant-0564940",6.29931573159607,50,"Pharaoh-ant-05649","40",1.01291500959265
"Pharaoh-ant-1669240",2.56109595636454,27.1428571428571,"Pharaoh-ant-16692","40",2.5
"Pharaoh-ant-0004641",5.72399036944563,44,"Pharaoh-ant-00046","41",2.5
"Pharaoh-ant-0066341",2.81086026793056,25.6,"Pharaoh-ant-00663","41",2.5
"Pharaoh-ant-0085741",43.3275073363117,94.4,"Pharaoh-ant-00857","41",2.5
"Pharaoh-ant-0274041",5.96685685465644,48,"Pharaoh-ant-02740","41",0.560437550142427
"Pharaoh-ant-0421441",5.15211763125552,42.4,"Pharaoh-ant-04214","41",2.5
"Pharaoh-ant-0557041",2.08675441101906,27.2,"Pharaoh-ant-05570","41",1.66227166167991
"Pharaoh-ant-0571341",4.12794727369971,32.8,"Pharaoh-ant-05713","41",2.5
"Pharaoh-ant-0791441",17.4535681819625,76.8,"Pharaoh-ant-07914","41",2.5
"Pharaoh-ant-0815142",4.45607989920885,35.2,"Pharaoh-ant-08151","42",2.5
"Pharaoh-ant-0909742",6.20649439327743,44,"Pharaoh-ant-09097","42",2.30799630809372
"Pharaoh-ant-1660742",4.35859047727354,34.4,"Pharaoh-ant-16607","42",1.01737733249556
"Pharaoh-ant-1746942",7.86646696036808,48,"Pharaoh-ant-17469","42",1.23802845646025
"Pharaoh-ant-0004643",5.70421886912093,47.1074380165289,"Pharaoh-ant-00046","43",2.5
"Pharaoh-ant-0274043",7.03706316125217,55.3719008264463,"Pharaoh-ant-02740","43",1.17055954930007
"Pharaoh-ant-0274743",4.77813488557428,40.495867768595,"Pharaoh-ant-02747","43",2.5
"Pharaoh-ant-0791443",8.21777813428951,49.5867768595041,"Pharaoh-ant-07914","43",2.5
"Pharaoh-ant-1130043",3.32735505275356,30.5785123966942,"Pharaoh-ant-11300","43",2.5
"Pharaoh-ant-1660743",15.1808397081891,66.1157024793389,"Pharaoh-ant-16607","43",2.5
"Pharaoh-ant-0004644",3.90493632646244,33.3333333333333,"Pharaoh-ant-00046","44",2.43948465387868
"Pharaoh-ant-0066344",2.19170592257725,25.9259259259259,"Pharaoh-ant-00663","44",2.080064985128
"Pharaoh-ant-0274044",9.62720049304648,64.1975308641975,"Pharaoh-ant-02740","44",2.5
"Pharaoh-ant-0571344",3.04713906365906,29.6296296296296,"Pharaoh-ant-05713","44",2.5
"Pharaoh-ant-0965744",5.28051027665063,44.4444444444444,"Pharaoh-ant-09657","44",2.5
"Pharaoh-ant-1539144",2.64703624210015,27.1604938271605,"Pharaoh-ant-15391","44",2.5
"Pharaoh-ant-0059545",2.65393764222617,27.6923076923077,"Pharaoh-ant-00595","45",2.5
"Pharaoh-ant-0530645",3.16974717170175,36.9230769230769,"Pharaoh-ant-05306","45",2.5
"Pharaoh-ant-0791445",3.64492150043153,41.5384615384615,"Pharaoh-ant-07914","45",0.873982509015868
"Pharaoh-ant-0799145",2.7108728012403,30.7692307692308,"Pharaoh-ant-07991","45",0.743009954244459
"Pharaoh-ant-0274046",6.40417605437455,48.3870967741936,"Pharaoh-ant-02740","46",0.809752156828654
"Pharaoh-ant-0557046",1.79510352725183,29.0322580645161,"Pharaoh-ant-05570","46",0.978956284821747
"Pharaoh-ant-0582046",11.6073185972842,54.8387096774194,"Pharaoh-ant-05820","46",2.5
"Pharaoh-ant-0946846",5.96812891867178,48.3870967741936,"Pharaoh-ant-09468","46",2.5
"Pharaoh-ant-1002446",11.7118737247489,41.9354838709677,"Pharaoh-ant-10024","46",2.5
"Pharaoh-ant-0274047",9.7068449498564,61.5384615384615,"Pharaoh-ant-02740","47",2.5
"Pharaoh-ant-0557047",3.22620939890919,46.1538461538462,"Pharaoh-ant-05570","47",2.5
"Pharaoh-ant-0564947",33.836961683726,76.9230769230769,"Pharaoh-ant-05649","47",2.5
"Pharaoh-ant-0635647",1.9310128367823,30.7692307692308,"Pharaoh-ant-06356","47",2.5
"Pharaoh-ant-0799147",3.08534010864877,38.4615384615385,"Pharaoh-ant-07991","47",0.999449824843812
"Pharaoh-ant-0908647",2.19233456366618,38.4615384615385,"Pharaoh-ant-09086","47",2.5
"Pharaoh-ant-0948347",13.3575040367137,61.5384615384615,"Pharaoh-ant-09483","47",2.5
"Pharaoh-ant-1029947",2.97491596410831,46.1538461538462,"Pharaoh-ant-10299","47",2.5
"Pharaoh-ant-1216747",75.450647016486,92.3076923076923,"Pharaoh-ant-12167","47",2.5
"Pharaoh-ant-1509947",1.40239464232502,30.7692307692308,"Pharaoh-ant-15099","47",1.52747974910747
"Pharaoh-ant-1539147",1.85976459005563,30.7692307692308,"Pharaoh-ant-15391","47",1.94930534466262
